<pnView><Root><Properties Path="C:\Program Files (x86)\Panorama\E-BI\Books\Cloud Demo\ROI Analysis" Description="" FoldersLayout="0" BackPictureDisplay="0" ArrangeFolderDisp="0" OverrideViewsDataSource="0" UseParentFonts="0" UseParentBackground="0" TypeItem="" KeepSlicerBetweenViews="0" FolderOrder="Pn0102{}" FilesOrder="Pn0102{}ROI Campaign Shifts.xml{}0{}ROI Special Attention.xml{}0{}ROI opportunities.xml{}0" HiddenFiles="Pn0102{}" IsOffLineMode="0" OffLineServer="" HasBG="-1" HasPict="0"/><FolderFont><Font1 Key="Folder Caption" CharSet="0" Name="MS Sans Serif" Size="12" Bold="0" Italic="0" ForeColor="8388608" BackColor="12632256" Align="0" Underline="0" ApplyTo="0" ApplyToCells="0" Style="1" Color="12632256"/><Font2 Key="Item" CharSet="0" Name="MS Sans Serif" Size="8.25" Bold="0" Italic="0" ForeColor="8388608" BackColor="12632256" Align="1" Underline="0" ApplyTo="0" ApplyToCells="0" Style="1" Color="12632256"/></FolderFont><Roles><Properties Value="Pn0102{}"/></Roles><Background><Properties Style="1" Color="12436422" Color1="0" Gradient="200" GradType="0" GradIndex="0" GradColorCnt="0" TextureIndex="0" PictureType="0"/></Background></Root></pnView>
