<pnView><Root><Properties CurrBookName="Cloud Demo" StartUpItem="\1. Campaign Analysis.xml" LastBookPath="C:\Program Files (x86)\Panorama\E-BI\Books\Cloud Demo\schema.xml" DefaultPermission="1" Path="C:\Program Files (x86)\Panorama\E-BI\Books\Cloud Demo" Description="" FoldersLayout="0" BackPictureDisplay="0" ArrangeFolderDisp="0" OverrideViewsDataSource="-1" Server="EDGENECTO1\MSSQLSERVER2" Database="Edge_Cloud_Demo" Cube="BO PPC Cube" UseServer="-1" UseDatabase="-1" UseCube="-1" UseParentFonts="0" UseParentBackground="0" TypeItem="" KeepSlicerBetweenViews="0" FolderOrder="Pn0102{}ROI Analysis{}0{}Managerial Views{}0" FilesOrder="Pn0102{}1. Campaign Analysis.xml{}0{}1. Top Creative Flat.xml{}0{}1. Top Keywords Flat.xml{}0{}2. Content Analysis.xml{}0{}3. Campaign ROI.xml{}0" HiddenFiles="Pn0102{}" IsOffLineMode="0" OffLineServer="" HasBG="-1" HasPict="0"/><FolderFont><Font1 Key="Folder Caption" CharSet="0" Name="MS Sans Serif" Size="12" Bold="0" Italic="0" ForeColor="8388608" BackColor="12632256" Align="0" Underline="0" ApplyTo="0" ApplyToCells="0" Style="1" Color="12632256"/><Font2 Key="Item" CharSet="0" Name="MS Sans Serif" Size="8.25" Bold="0" Italic="0" ForeColor="8388608" BackColor="12632256" Align="1" Underline="0" ApplyTo="0" ApplyToCells="0" Style="1" Color="12632256"/></FolderFont><Roles><Properties Value="Pn0102{}Demo{}0"/><Role1 Name="Demo" Users="Everyone;EDGE\sales" Description="" Permissions="2" Server="" DB="" CubesList=""/></Roles><Background><Properties Style="1" Color="12436422" Color1="0" Gradient="200" GradType="0" GradIndex="0" GradColorCnt="0" TextureIndex="0" PictureType="0"/></Background></Root></pnView>
