<pnView><RootFolder><Properties><Properties CurrBookName="Cloud Demo" StartUpItem="\1. Campaign Analysis.xml" LastBookPath="C:\Program Files (x86)\Panorama\E-BI\Books\Cloud Demo\schema.xml" DefaultPermission="1" Path="C:\Program Files (x86)\Panorama\E-BI\Books\Cloud Demo" Description="" FoldersLayout="0" BackPictureDisplay="0" ArrangeFolderDisp="0" OverrideViewsDataSource="-1" Server="EDGENECTO1\MSSQLSERVER2" Database="Edge_Cloud_Demo" Cube="BO PPC Cube" UseServer="-1" UseDatabase="-1" UseCube="-1" UseParentFonts="0" UseParentBackground="0" TypeItem="" KeepSlicerBetweenViews="0" FolderOrder="Pn0102{}ROI Analysis{}0{}Managerial Views{}0" FilesOrder="Pn0102{}1. Campaign Analysis.xml{}0{}1. Top Creative Flat.xml{}0{}1. Top Keywords Flat.xml{}0{}2. Content Analysis.xml{}0{}3. Campaign ROI.xml{}0" HiddenFiles="Pn0102{}" IsOffLineMode="0" OffLineServer="" HasBG="-1" HasPict="0"/><FolderFont><Font1 Key="Folder Caption" CharSet="0" Name="MS Sans Serif" Size="12" Bold="0" Italic="0" ForeColor="8388608" BackColor="12632256" Align="0" Underline="0" ApplyTo="0" ApplyToCells="0" Style="1" Color="12632256"/><Font2 Key="Item" CharSet="0" Name="MS Sans Serif" Size="8.25" Bold="0" Italic="0" ForeColor="8388608" BackColor="12632256" Align="1" Underline="0" ApplyTo="0" ApplyToCells="0" Style="1" Color="12632256"/></FolderFont><Roles><Properties Value="Pn0102{}Demo{}0"/><Role1 Name="Demo" Users="Everyone;EDGE\sales" Description="" Permissions="2" Server="" DB="" CubesList=""/></Roles><Background><Properties Style="1" Color="12436422" Color1="0" Gradient="200" GradType="0" GradIndex="0" GradColorCnt="0" TextureIndex="0" PictureType="0"/></Background></Properties><Files Value="Pn0102{}1. Campaign Analysis.xml{} {}1. Top Creative Flat.xml{} {}1. Top Keywords Flat.xml{}Pn0104[[]]*CubeName[[]]BO PPC Cube[[]]*IsVirtual[[]]False[[]]*Description[[]] [[]]*Layout[[]]2{}2. Content Analysis.xml{}Pn0104[[]]*CubeName[[]]easynet Content Cube[[]]*IsVirtual[[]]False[[]]*Description[[]] [[]]*Layout[[]]3{}3. Campaign ROI.xml{}Pn0104[[]]*CubeName[[]]BO PPC Cube[[]]*IsVirtual[[]]False[[]]*Description[[]] [[]]*Layout[[]]0"/><FolderNames Value="Pn0102{}ROI Analysis{}0{}Managerial Views{}0"/><Folders><Folder1><Properties><Properties Path="C:\Program Files (x86)\Panorama\E-BI\Books\Cloud Demo\ROI Analysis" Description="" FoldersLayout="0" BackPictureDisplay="0" ArrangeFolderDisp="0" OverrideViewsDataSource="0" UseParentFonts="0" UseParentBackground="0" TypeItem="" KeepSlicerBetweenViews="0" FolderOrder="Pn0102{}" FilesOrder="Pn0102{}ROI Campaign Shifts.xml{}0{}ROI Special Attention.xml{}0{}ROI opportunities.xml{}0" HiddenFiles="Pn0102{}" IsOffLineMode="0" OffLineServer="" HasBG="-1" HasPict="0"/><FolderFont><Font1 Key="Folder Caption" CharSet="0" Name="MS Sans Serif" Size="12" Bold="0" Italic="0" ForeColor="8388608" BackColor="12632256" Align="0" Underline="0" ApplyTo="0" ApplyToCells="0" Style="1" Color="12632256"/><Font2 Key="Item" CharSet="0" Name="MS Sans Serif" Size="8.25" Bold="0" Italic="0" ForeColor="8388608" BackColor="12632256" Align="1" Underline="0" ApplyTo="0" ApplyToCells="0" Style="1" Color="12632256"/></FolderFont><Roles><Properties Value="Pn0102{}"/></Roles><Background><Properties Style="1" Color="12436422" Color1="0" Gradient="200" GradType="0" GradIndex="0" GradColorCnt="0" TextureIndex="0" PictureType="0"/></Background></Properties><Files Value="Pn0102{}ROI Campaign Shifts.xml{}Pn0104[[]]*CubeName[[]]BO PPC Cube[[]]*IsVirtual[[]]False[[]]*Description[[]] [[]]*Layout[[]]0{}ROI Special Attention.xml{}Pn0104[[]]*CubeName[[]]BO PPC Cube[[]]*IsVirtual[[]]False[[]]*Description[[]] [[]]*Layout[[]]0{}ROI opportunities.xml{}Pn0104[[]]*CubeName[[]]BO PPC Cube[[]]*IsVirtual[[]]False[[]]*Description[[]] [[]]*Layout[[]]0"/><FolderNames Value="Pn0102{}"/><Folders/></Folder1><Folder2><Properties><Properties Path="C:\Program Files (x86)\Panorama\E-BI\Books\Cloud Demo\Managerial Views" Description="" FoldersLayout="0" BackPictureDisplay="0" ArrangeFolderDisp="0" OverrideViewsDataSource="0" UseParentFonts="0" UseParentBackground="0" TypeItem="" KeepSlicerBetweenViews="0" FolderOrder="Pn0102{}" FilesOrder="Pn0102{}ROI by Channel.xml{}0{}ROI by Country and Language.xml{}0{}ROI by Theme.xml{}0{}Account Development Over Time.xml{}0" HiddenFiles="Pn0102{}" IsOffLineMode="0" OffLineServer="" HasBG="-1" HasPict="0"/><FolderFont><Font1 Key="Folder Caption" CharSet="0" Name="MS Sans Serif" Size="12" Bold="0" Italic="0" ForeColor="8388608" BackColor="12632256" Align="0" Underline="0" ApplyTo="0" ApplyToCells="0" Style="1" Color="12632256"/><Font2 Key="Item" CharSet="0" Name="MS Sans Serif" Size="8.25" Bold="0" Italic="0" ForeColor="8388608" BackColor="12632256" Align="1" Underline="0" ApplyTo="0" ApplyToCells="0" Style="1" Color="12632256"/></FolderFont><Roles><Properties Value="Pn0102{}"/></Roles><Background><Properties Style="1" Color="12436422" Color1="0" Gradient="200" GradType="0" GradIndex="0" GradColorCnt="0" TextureIndex="0" PictureType="0"/></Background></Properties><Files Value="Pn0102{}ROI by Channel.xml{}Pn0104[[]]*CubeName[[]]BO PPC Cube[[]]*IsVirtual[[]]False[[]]*Description[[]] [[]]*Layout[[]]0{}ROI by Country and Language.xml{}Pn0104[[]]*CubeName[[]]BO PPC Cube[[]]*IsVirtual[[]]False[[]]*Description[[]] [[]]*Layout[[]]0{}ROI by Theme.xml{}Pn0104[[]]*CubeName[[]]BO PPC Cube[[]]*IsVirtual[[]]False[[]]*Description[[]] [[]]*Layout[[]]0{}Account Development Over Time.xml{}Pn0104[[]]*CubeName[[]]BO PPC Cube[[]]*IsVirtual[[]]False[[]]*Description[[]] [[]]*Layout[[]]0"/><FolderNames Value="Pn0102{}"/><Folders/></Folder2></Folders></RootFolder></pnView>
